title,url,time_added,tags,status
http://www.linfo.org/unix_philosophy.html,http://www.linfo.org/unix_philosophy.html,1484426802,,archive
Field Of Dreams,http://www.imdb.com/title/tt0097351/,1424351431,,archive
https://en.wikipedia.org/wiki/Community_of_practice,https://en.wikipedia.org/wiki/Community_of_practice,1450194942,,unread
Paiq,https://paiq.nl/,1390417928,,archive
"Fargo (film) - Wikipedia, the free encyclopedia",http://en.wikipedia.org/wiki/Fargo_(film),1392372573,,archive
The Science of Scientific Writing » American Scientist,"http://www.americanscientist.org/issues/id.877,y.0,no.,content.true,page.1,css.print/issue.aspx",1434454865,how-to-write,archive
http://www.beatlesinterviews.org/dbjypb.int4.html,http://www.beatlesinterviews.org/dbjypb.int4.html,1440062083,,unread
Jacob Kaplan-Moss,https://jacobian.org/writing/great-documentation/,1434454858,how-to-write,archive
.change() | jQuery API Documentation,http://api.jquery.com/change/,1497353802,,archive
https://sites.google.com/site/steveyegge2/you-should-write-blogs,https://sites.google.com/site/steveyegge2/you-should-write-blogs,1493223369,,archive
http://researchnews.osu.edu/archive/whoami.htm,http://researchnews.osu.edu/archive/whoami.htm,1420654484,,unread
URL Design · by Kyle Neath,http://warpspire.com/posts/url-design/,1413572328,,archive
Lees hier het essay dat voorafging aan ‘Identiteit’.,http://www.liberales.be/essays/verhaegheneo,1438153293,,unread
A File-Based Blog Using Markdown and ASP.NET MVC 3,http://www.arroyocode.com/a-file-based-blog-using-markdown-and-asp-net-mvc-3/,1417440322,,archive
Tumult Hype,http://tumult.com/hype/,1380791080,,archive
Groene sprookjes: 5 mythen over biologisch eten - Vrij Nederland,http://www.vn.nl/Archief/Samenleving/Artikel-Samenleving/Groene-sprookjes-5-mythen-over-biologisch-eten.htm,1393172188,,archive
http://www.nytimes.com/1985/12/08/business/the-executive-computer.html,http://www.nytimes.com/1985/12/08/business/the-executive-computer.html,1452897548,,archive
Metro van Amsterdam - OV in Nederland Wiki,http://wiki.ovinnederland.nl/wiki/Metro_van_Amsterdam#.27Spookstations.27,1396028118,,archive
http://www.theatlantic.com/magazine/archive/2010/03/how-a-new-jobless-era-will-transform-america/307919/,http://www.theatlantic.com/magazine/archive/2010/03/how-a-new-jobless-era-will-transform-america/307919/,1423658223,,unread
Wells Tower's Burning Man Experience - GQ February 2013,http://www.gq.com/news-politics/mens-lives/201302/burning-man-experiences-wells-tower-gq-february-2013?currentPage=1,1387808481,,archive
http://www.hplovecraft.com/writings/texts/fiction/sk.aspx,http://www.hplovecraft.com/writings/texts/fiction/sk.aspx,1447915302,,archive
9 Out Of 10 Americans Are Completely Wrong About This Mind-Blowing Fact,http://www.upworthy.com/9-out-of-10-americans-are-completely-wrong-about-this-mind-blowing-fact-2,1381310429,,archive
FADER Explains: Beyoncé Tickets | The FADER,http://www.thefader.com/2013/03/06/fader-explains-beyonce-tickets/,1387836654,,archive
Eliminating my trivial inconveniences building Discourse,http://samsaffron.com/archive/2013/05/03/eliminating-my-trivial-inconveniences,1381395361,,archive
http://www.theguardian.com/music/2012/oct/06/bb-king-music-blues-guitar,http://www.theguardian.com/music/2012/oct/06/bb-king-music-blues-guitar,1431681384,,unread
http://www.imore.com/history-iphone-3gs,http://www.imore.com/history-iphone-3gs,1441210695,,archive
"Teach, Don't Tell / Steve Losh",http://stevelosh.com/blog/2013/09/teach-dont-tell/,1445458222,how-to-write,unread
http://hardhoofd.com/2013/09/04/frances-ha-oh-boy-en-het-generatiegezanik/,http://hardhoofd.com/2013/09/04/frances-ha-oh-boy-en-het-generatiegezanik/,1464188407,,unread
hard//hoofd,http://hardhoofd.com/2013/09/24/column-groot-en-klein/,1380889280,,archive
hard//hoofd,http://hardhoofd.com/2013/09/25/hoe-de-laatste-tasmaanse-buidelwolf-doodvroor/,1380889285,,archive
hard//hoofd,http://hardhoofd.com/2013/09/26/de-muur-van-parijs/,1380889289,,archive
Daring Fireball: Vesper: What's New and What's Next,http://daringfireball.net/2013/09/vesper_whats_new_whats_next,1380790872,,archive
"New CPUs, faster Wi-Fi, same flaws: Apple’s 2013 iMac reviewed | Ars Techni",http://arstechnica.com/apple/2013/09/new-cpus-faster-wi-fi-same-flaws-apples-2013-imac-reviewed/,1381429995,,archive
"Boom, Bust, Flip - NYTimes.com",http://www.nytimes.com/2013/10/06/magazine/boom-bust-flip.html?_r=1&,1381562996,,archive
1Password 4 for Mac brings upgraded security and Wi-Fi sync | Ars Technica,http://arstechnica.com/information-technology/2013/10/1password-4-for-mac-brings-upgraded-security-and-wi-fi-sync/,1381429991,,archive
De Correspondent,https://decorrespondent.nl/8/niemand-weet-wie-onze-staatsschuld-bezit/143794552-a1dc56e3,1380825086,,archive
hard//hoofd,http://hardhoofd.com/2013/09/27/het-eetwezen-casu-marzu/?utm_source=feedburner&utm_medium=feed&utm_campaign=Feed%3A+hardhoofd+%28hard%2F%2Fhoofd%29,1380889316,,archive
Martijn uit Enschede wil wel zo’n enkeltje naar Mars - nrc.nl,http://www.nrc.nl/longreads/2013/10/04/martijn-uit-enschede-wil-wel-zon-enkeltje-naar-mars/,1381074939,,archive
http://youtu.be/kTVOntxuAHc,http://youtu.be/kTVOntxuAHc,1380891700,,archive
Gelezen in de Bright app,http://www.bright.nl/node/26177,1380898819,,archive
"And Then Steve Said, ‘Let There Be an iPhone’ - NYTimes.com",http://www.nytimes.com/2013/10/06/magazine/and-then-steve-said-let-there-be-an-iphone.html?_r=0,1389395022,,archive
Former Apple Engineer Gives Behind-the-Scenes Look at the Original iPhone I,http://www.macrumors.com/2013/10/04/former-apple-engineer-gives-behind-the-scenes-look-at-the-original-iphone-introduction/,1389394708,,archive
http://www.nrc.nl/nieuws/2013/10/04/droogkajakken-met-56-kmuur-een-betonnen-afwateringsgeul-af/,http://www.nrc.nl/nieuws/2013/10/04/droogkajakken-met-56-kmuur-een-betonnen-afwateringsgeul-af/,1380954942,,archive
The New Canon | The LARB Blog,http://blog.lareviewofbooks.org/deartv/77/,1381164201,,archive
Nathan Heller: How San Francisco’s Entrepreneurial Culture Is Changing the ,http://www.newyorker.com/reporting/2013/10/14/131014fa_fact_heller?currentPage=all,1381562975,,archive
XS4ALL | Over XS4ALL | Nieuws | Tips & Columns | Computercriminaliteit III:,https://www.xs4all.nl/overxs4all/nieuws/column/wetcomputercriminaliteit/,1381238426,,archive
"iPhone 5C and 5S come to the rest of the world on October 25, November 1 | ",http://arstechnica.com/apple/2013/10/iphone-5c-and-5s-come-to-the-rest-of-the-world-on-october-25-november-1/,1381429986,,archive
"Beste baas, doe iets aan de heersende burn-outboom - Opinie - De Morgen",http://www.demorgen.be/dm/nl/2461/Opinie/article/detail/1720228/2013/10/10/Beste-baas-doe-iets-aan-de-heersende-burn-outboom.dhtml,1381480077,,archive
klik op akkoord - VPRO,http://www.vpro.nl/lees/gids/dagtips/2013/40/donderdag.html,1381522187,,archive
"That annoying INSERT problem, getting data into the DB - Sam Saffron's Blog",http://discuss.samsaffron.com/t/that-annoying-insert-problem-getting-data-into-the-db/12,1381419834,,archive
http://harpers.org/archive/2013/11/the-man-who-saves-you-from-yourself/?single=1,http://harpers.org/archive/2013/11/the-man-who-saves-you-from-yourself/?single=1,1403087023,,archive
New Model Offers Detailed Look at Apple's Upcoming 'Spaceship' Campus - Mac,http://www.macrumors.com/2013/10/11/new-model-offers-detailed-look-at-apples-upcoming-spaceship-campus/,1381522417,,archive
Google ,https://accounts.google.com/ServiceLogin?service=oz&passive=1209600&continue=https://plus.google.com/settings/endorsements?gpsrc%3Dgpmobile:ios%26partnerid%3Dgpmobile:ios&btmpl=mobile_tier2&ltmpl=tier2gplus,1381569373,,archive
Ericaverdegaal.nl - Artikelen / blogs,http://ericaverdegaal.nl/publications/index/892,1381750363,,archive
TED talks are lying to you - Salon.com,http://www.salon.com/2013/10/13/ted_talks_are_lying_to_you/,1382189539,,archive
Mental Floss Exclusive: Our Interview with Bill Watterson! | Mental Floss,http://mentalfloss.com/article/53216/mental-floss-exclusive-our-interview-bill-watterson,1383071173,,archive
Review of the iPhone 5S 120fps super slow motion | Philip Bloom,http://philipbloom.net/2013/10/17/iphone5s/,1382189557,,archive
Coding Horror: You Don't Need Millions of Dollars,http://www.codinghorror.com/blog/2013/10/you-dont-need-millions-of-dollars.html,1382627352,,archive
Coding Horror: Why Does Windows Have Terrible Battery Life?,http://www.codinghorror.com/blog/2013/10/why-does-windows-have-terrible-battery-life.html,1382627308,,archive
OS X 10.9 Mavericks: The Ars Technica Review | Ars Technica,http://arstechnica.com/apple/2013/10/os-x-10-9/,1382903621,,archive
How Apple Makes the Mac Pro — Atomic Delights,http://atomicdelights.com/blog/how-apple-makes-the-mac-pro,1382627357,,archive
The 50 Greatest Breakthroughs Since the Wheel - James Fallows - The Atlanti,http://www.theatlantic.com/magazine/archive/2013/11/innovations-list/309536/,1382769815,,archive
De natuurlijke vijand van elke liefdesrelatie - Vrij Nederland -,http://www.vn.nl/Archief/Samenleving/Artikel-Samenleving/De-natuurlijke-vijand-van-elke-liefdesrelatie.htm,1382769656,,archive
Dominee Gremdaat 'Hou nou toch eens op' - YouTube,http://m.youtube.com/watch?feature=youtu.be&v=S2LqZAoDKWs&desktop_uri=%2Fwatch%3Fv%3DS2LqZAoDKWs%26feature%3Dyoutu.be,1382636409,,archive
Cash to the poor: Pennies from heaven | The Economist,http://www.economist.com/news/international/21588385-giving-money-directly-poor-people-works-surprisingly-well-it-cannot-deal?utm_source=buffer&utm_campaign=Buffer&utm_content=buffer21cdf&utm_medium=twitter,1382769796,,archive
hard//hoofd,http://hardhoofd.com/2013/10/25/tip-niet-geleefd-worden/,1382771275,,archive
Ik heb geschreven maar lees het dan ook goed - nrc.nl,http://www.nrc.nl/boeken/2013/10/26/ik-heb-geschreven-maar-lees-het-dan-ook-goed/?utm_source=email&utm_campaign=nieuwsbrief-20131026&utm_content=NRC%20Boeken&utm_tag=blok1,1382790315,,archive
Daring Fireball: Thoughts and Observations Regarding This Week's Apple Even,http://daringfireball.net/2013/10/this_weeks_ipad_event,1382902690,,archive
"Lou Reed, Velvet Underground Leader and Rock Pioneer, Dead at 71 | Music Ne",http://www.rollingstone.com/music/news/lou-reed-velvet-underground-leader-and-rock-pioneer-dead-at-71-20131027,1382911128,,archive
Daring Fireball: The iPad Air,http://daringfireball.net/2013/10/the_ipad_air,1383324562,,archive
hard//hoofd,http://hardhoofd.com/2013/10/30/essay-yoga-zonder-puntmuts/,1383399648,,archive
"Voor fundamentele technologiekritiek, klik hier",https://decorrespondent.nl/270/voor-fundamentele-technologiekritiek-klik-hier/4853066130-9bc740cd,1383202954,,archive
Why (and how) I'm saying goodbye to Gmail | Macworld,http://www.macworld.com/article/2059230/why-and-how-im-saying-goodbye-to-gmail.html,1383590487,,archive
NSA files decoded: Edward Snowden's surveillance revelations explained | Wo,http://www.theguardian.com/world/interactive/2013/nov/01/snowden-nsa-files-surveillance-revelations-decoded#section/1,1383386284,,archive
http://dasmag.nl/blondismen-aforismen-door-thomas-blondeau/,http://dasmag.nl/blondismen-aforismen-door-thomas-blondeau/,1447700099,,archive
Discourse in a Docker container,http://samsaffron.com/archive/2013/11/07/discourse-in-a-docker-container,1386501134,,archive
It’s up to you. | yesivebeenthere2,https://yesivebeenthere2.wordpress.com/2013/11/10/its-up-to-you-2/,1457361140,,archive
Blondismen: een introductie door Hanna Bervoets,http://dasmag.nl/blondismen-een-introductie/,1434915172,,archive
Switzerland’s Proposal to Pay People for Being Alive - NYTimes.com,http://www.nytimes.com/2013/11/17/magazine/switzerlands-proposal-to-pay-people-for-being-alive.html?_r=1&,1384637327,,archive
John Resig - Node.js Stream Playground,http://ejohn.org/blog/node-js-stream-playground/,1384890090,,archive
jQuery 1.11.0/2.1.0 Beta 2 Released | Official jQuery Blog,http://blog.jquery.com/2013/11/15/jquery-1-11-02-1-0-beta-2-released/,1384890060,,archive
The State of Smartphones in 2013: Part I of the new Ars Ultimate Guide | Ar,http://arstechnica.com/gadgets/2013/11/the-state-of-smartphones-in-2013-part-i-of-the-new-ars-ultimate-guide/,1385468607,,archive
Special report: Apple’s ground-breaking bet on its clean energy infrastruct,http://gigaom.com/2013/11/18/apple-solar-farm-fuel-cell-farms-exclusive-photos-investigative-report/,1384950475,,archive
Hello Minty,http://www.wekeroad.com/2013/10/03/hello-minty/,1385219637,,archive
http://www.wekeroad.com/2013/10/03/hello-minty/ …,http://t.co/1CQZxopvO0,1385052111,,archive
You need an editor « Jacob Kaplan-Moss,https://jacobian.org/writing/editors/,1434454851,how-to-write,archive
Technical style « Jacob Kaplan-Moss,https://jacobian.org/writing/technical-style/,1434454830,how-to-write,archive
What to write « Jacob Kaplan-Moss,https://jacobian.org/writing/what-to-write/,1434454814,how-to-write,archive
Advertising turned anti-consumerism into a weapon – Adam Corner – Aeon,http://www.aeonmagazine.com/living-together/how-advertising-turned-anti-consumerism-into-a-secret-weapon/,1385933935,,archive
McSweeney’s Internet Tendency: Retail Therapy: Inside the Apple Store: It’s,http://www.mcsweeneys.net/articles/its-a-trap,1385467309,,archive
Review: The productivity suite formerly known as iWork | Ars Technica,http://arstechnica.com/apple/2013/11/review-the-productivity-suite-formerly-known-as-iwork/,1385468567,,archive
Planet Money Makes A T-Shirt,http://apps.npr.org/tshirt/#/people,1388078810,,archive
Open WiFi – je verbinding met iedereen delen? | XS4ALL Weblog,https://blog.xs4all.nl/2013/12/02/open-wifi-je-verbinding-met-iedereen-delen/,1386689812,,archive
The Human Cost of Foreclosure | Economic Crisis | The Investigative Fund,http://www.theinvestigativefund.org/investigations/economiccrisis/1889/the_human_cost_of_foreclosure/,1386868127,,archive
David Simon: 'There are now two Americas. My country is a horror show' | Wo,http://www.theguardian.com/world/2013/dec/08/david-simon-capitalism-marx-two-americas-wire,1386868111,,archive
Minty: Razing the Pyramid of Pain,http://www.wekeroad.com/2013/11/04/minty-razing-the-pyramid-of-pain/,1386500866,,archive
Minty: Refactor 1 - Moving To a Document DB,http://www.wekeroad.com/2013/11/05/minty-refactor-1-moving-to-a-document-db/,1386500875,,archive
hard//hoofd,http://hardhoofd.com/2013/12/11/column-paniek/,1386841812,,archive
hard//hoofd,http://hardhoofd.com/2013/12/11/drukke-week-modeziekte/,1386841816,,archive
"Prolost - Blog - How to Take Good Photos for Under $1,000",http://prolost.com/1kphotos,1387231138,,archive
James Carroll: A Radical Pope’s First Year : The New Yorker,http://m.newyorker.com/reporting/2013/12/23/131223fa_fact_carroll?currentPage=all,1387836614,,unread
hard//hoofd,http://hardhoofd.com/2013/12/17/drukke-week-vallen-en-opstaan/,1387289713,,archive
Facebook Is A Fundamentally Broken Product That Is Collapsing Under Its Own,http://www.businessinsider.com/facebook-news-feed-benedict-evans-2013-12,1387618618,,archive
hard//hoofd,http://hardhoofd.com/2013/12/19/column-een-goed-mens/,1387468485,,archive
Surviving Anxiety - Scott Stossel - The Atlantic,http://www.theatlantic.com/magazine/archive/2014/01/surviving_anxiety/355741/,1388832286,,archive
"NRC, bespaar ons retoriek van Baudet & Co over EU - nrc.nl",http://www.nrc.nl/nieuws/2013/12/23/nrc-bespaar-ons-retoriek-van-baudet-co-over-eu/,1387830446,,archive
De geschiedenis van het ‘banqueroet’ | Follow the Money,http://www.ftm.nl/exclusive/de-geschiedenis-van-het-banqueroet/,1388254867,,archive
Diagnosing issues with reversible data transformations - Jon Skeet: Coding ,http://msmvps.com/blogs/jon_skeet/archive/2014/01/20/diagnosing-issues-with-reversible-data-transformations.aspx,1390727405,,archive
Code is not literature,http://www.gigamonkeys.com/code-reading/,1409856943,,archive
Yahoo Tech,http://www.yahoo.com/tech/sensor-innovations-from-sony-ushering-in-a-golden-age-74229401513.html,1390939320,,archive
Winnaar essaywedstrijd - Maak iets van je leven! Maar wat? :: archief nrc.n,http://vorige.nrc.nl/opinie/article1747325.ece/Winnaar_essaywedstrijd_-_Maak_iets_van_je_leven!_Maar_wat,1390739809,,archive
Why does the government disallow dynamic languages? | Ars Technica,http://arstechnica.com/information-technology/2014/01/why-does-the-government-disallow-dynamic-languages/,1390727279,,archive
Teach Us to Sit Still | Book review | Books | The Observer,http://www.theguardian.com/books/2010/jun/20/teach-us-to-sit-still,1390980845,,archive
TSA Agent Confession - POLITICO Magazine,http://www.politico.com/magazine/story/2014/01/tsa-screener-confession-102912.html#.Uvmu_om9LCR,1392094982,,archive
Tunnel vision: how an obsessed explorer found and lost the world's oldest s,http://www.theverge.com/2014/2/5/5280920/tunnel-vision-bob-diamond-fights-for-the-atlantic-avenue-subway,1392320692,,archive
Why Are People Such Jerks Online?,https://www.yahoo.com/tech/why-are-people-such-jerks-online-75755672876.html,1392030759,,archive
http://readwrite.com/2014/02/06/angular-backbone-ember-best-javascript-framework-for-you#awesm=~oFJvyCPdFRyJ8C,http://readwrite.com/2014/02/06/angular-backbone-ember-best-javascript-framework-for-you#awesm=~oFJvyCPdFRyJ8C,1401440117,,archive
How RadioShack Plans to Rescue Itself from Irrelevance,https://www.yahoo.com/tech/how-radioshack-plans-to-rescue-itself-from-irrelevance-76424164006.html,1392305317,,archive
dag kabeltelevisie - VPRO,http://www.vpro.nl/lees/gids/extra/2014/cordcutters.html,1392459242,,archive
Het geheim van de vier orgasmen - Vrij Nederland -,http://www.vn.nl/Archief/Samenleving/Artikel-Samenleving/Het-geheim-van-de-vier-orgasmen-1.htm,1392569437,,archive
iPhone UI Designer Tells The Story Behind iOS Text Selection Patent | Cult ,http://www.cultofmac.com/266587/iphone-ui-designer-tells-story-behind-ios-text-selection-patent/,1392742699,,archive
The War on Reason - Paul Bloom - The Atlantic,http://www.theatlantic.com/magazine/archive/2014/03/the-war-on-reason/357561/,1394873835,,archive
Het kan: een totaal andere inrichting van onze democratie,https://decorrespondent.nl/538/het-kan-een-totaal-andere-inrichting-van-onze-democratie/9670183622-5d3b791d,1392973384,,archive
Herdenk met dit klassieke boek de waanzin van Wereldoorlog I,https://decorrespondent.nl/751/herdenk-met-dit-klassieke-boek-de-waanzin-van-wereldoorlog-i/13498713569-4d4a88c1,1392973961,,archive
Long Live the Web: A Call for Continued Open Standards and Neutrality,https://www.scientificamerican.com/article/long-live-the-web/,1690699888,,unread
Écht veilig communiceren: zijn diensten als Telegram de oplossing? - Off th,http://tweakers.net/reviews/3435/3/echt-veilig-communiceren-zijn-diensten-als-telegram-de-oplossing-off-the-record.html,1393753754,,archive
Why we should love material things more – Nick Thorpe – Aeon,http://aeon.co/magazine/world-views/why-we-should-love-material-things-more/,1397067225,,unread
http://blog.codinghorror.com/the-magpie-developer/,http://blog.codinghorror.com/the-magpie-developer/,1452684110,,archive
Merkel Is Mutti Not Only To Germans But To All Europeans,http://www.euinside.eu/en/comments/merkel-is-mutti-not-only-to-the-germans-but-to-all-europeans,1394266586,,archive
http://blog.codinghorror.com/strong-opinions-weakly-held/,http://blog.codinghorror.com/strong-opinions-weakly-held/,1439902472,,archive
A Scripter at Heart,http://blog.codinghorror.com/a-scripter-at-heart/,1430845850,,archive
http://blog.codinghorror.com/designing-for-evil/,http://blog.codinghorror.com/designing-for-evil/,1439902285,,archive
The Field of Dreams Strategy,http://blog.codinghorror.com/the-field-of-dreams-strategy/,1424351039,,archive
Dus gebruikers van openbare WiFi netwerken zijn te hacken. Nou en? // Jaap-,http://blog.xot.nl/2014/03/23/dus-gebruikers-van-openbare-wifi-netwerken-zijn-te-hacken-nou-en/,1395823046,,archive
Can Your Team Pass The Elevator Test?,http://blog.codinghorror.com/can-your-team-pass-the-elevator-test/,1409676291,,archive
Scott Hanselman's Complete List of Productivity Tips - Scott Hanselman,http://www.hanselman.com/blog/ScottHanselmansCompleteListOfProductivityTips.aspx,1396386175,,archive
Dan maak je maar zin - Filosofie - TROUW,http://www.trouw.nl/tr/nl/5116/Filosofie/article/detail/3624794/2014/03/30/Dan-maak-je-maar-zin.dhtml,1399538340,,archive
The Technium: The Post-Productive Economy,http://kk.org/thetechnium/2013/01/the-post-produc/,1408383129,,archive
Memories of Steve,http://donmelton.com/2014/04/10/memories-of-steve/,1397246317,,unread
"You Don't Read Code, You Explore It",http://prog21.dadgum.com/194.html,1409856957,,archive
Programming Sucks,http://stilldrinking.org/programming-sucks,1424343037,,unread
Endomondo | Community based on free GPS tracking of sports,http://www.endomondo.com/stats/15764607,1398893934,,archive
"Apple releases OS X 10.9.3 with improved 4K support, restored USB sync | Ar",http://arstechnica.com/apple/2014/05/apple-releases-os-x-10-9-3-with-improved-4k-support-restored-usb-sync/,1400851081,,archive
Apple integrates LLVM compiler to boost WebKit JavaScript performance | Ars,http://arstechnica.com/information-technology/2014/05/apple-integrates-llvm-compiler-to-boost-webkit-javascript-performance/,1400850962,,archive
Never Forgetting a Face - NYTimes.com,http://www.nytimes.com/2014/05/18/technology/never-forgetting-a-face.html?_r=1,1401084157,,unread
http://www.wired.com/2014/05/oculus-rift-4/#x,http://www.wired.com/2014/05/oculus-rift-4/#x,1401006883,,archive
Missing features we’d like to see in the next version of OS X | Ars Technic,http://arstechnica.com/apple/2014/05/missing-features-wed-like-to-see-in-the-next-version-of-os-x/,1400851085,,archive
http://blog.codinghorror.com/headphone-snobbery/,http://blog.codinghorror.com/headphone-snobbery/,1439902344,,archive
http://www.macworld.com/article/2291241/a-tale-of-two-apples.html,http://www.macworld.com/article/2291241/a-tale-of-two-apples.html,1402487524,,archive
The Minimum Wage Worker Strikes Back — Medium,https://medium.com/@sarahkendzior/the-minimum-wage-worker-strikes-back-fa4c36eb306b,1408081164,,archive
http://bits.blogs.nytimes.com/2014/06/16/jonathan-ive-on-apples-design-process-and-product-philosophy/?_php=true&_type=blogs&_php=true&_type=blogs&_r=1,http://bits.blogs.nytimes.com/2014/06/16/jonathan-ive-on-apples-design-process-and-product-philosophy/?_php=true&_type=blogs&_php=true&_type=blogs&_r=1,1403127055,,archive
https://www.washingtonpost.com/lifestyle/magazine/fatal-distraction-forgetting-a-child-in-thebackseat-of-a-car-is-a-horrifying-mistake-is-it-a-crime/2014/06/16/8ae0fe3a-f580-11e3-a3a5-42be35962a52_story.html,https://www.washingtonpost.com/lifestyle/magazine/fatal-distraction-forgetting-a-child-in-thebackseat-of-a-car-is-a-horrifying-mistake-is-it-a-crime/2014/06/16/8ae0fe3a-f580-11e3-a3a5-42be35962a52_story.html,1462093207,,unread
This Internet Millionaire Has a New Deal For You - D Magazine,http://www.dmagazine.com/publications/d-magazine/2014/july/matt-rutledge-woot-has-a-new-deal-mediocre-corporation?single=1,1415533700,,unread
Daring Fireball: Macintel: The End Is Nigh,https://developer.apple.com/swift/blog/,1407524676,,archive
Meet Music Magazine review: Audio-Technica AT-LP120-USB,http://www.meetmusic.com/nl/archivedetail.asp?id=1298&subrubriek=11,1405452728,,archive
http://www.newyorker.com/magazine/2011/10/03/personal-best,http://www.newyorker.com/magazine/2011/10/03/personal-best,1459368239,,unread
Vijf misverstanden over de participatiesamenleving - Sociale Vraagstukken -,http://www.trouw.nl/tr/nl/6704/Sociale-Vraagstukken/article/detail/3703372/2014/07/28/Vijf-misverstanden-over-de-participatiesamenleving.dhtml,1409466754,,archive
Iemand nog wat drinken? – De Groene Amsterdammer,http://www.groene.nl/artikel/iemand-nog-wat-drinken,1409757654,,archive
The Most Fascinating Profile You’ll Ever Read About a Guy and His Boring St,http://www.wired.com/2014/08/the-most-fascinating-profile-youll-ever-read-about-a-guy-and-his-boring-startup/,1408389137,,unread
Inside Apple’s Internal Training Program - NYTimes.com,http://www.nytimes.com/2014/08/11/technology/-inside-apples-internal-training-program-.html?_r=1,1422618496,,archive
How to Be Polite — The Message — Medium,https://medium.com/message/how-to-be-polite-9bf1e69e888c,1416905842,,archive
Email Is Still the Best Thing on the Internet - Technology - The Atlantic,http://www.theatlantic.com/technology/print/2014/08/why-email-will-never-die/375973/,1408282528,,archive
Seeing Through the Illusion: Understanding Apple’s Mastery of the Media | 9,http://9to5mac.com/2014/08/29/seeing-through-the-illusion-understanding-apples-mastery-of-the-media/,1409396450,,archive
How to stimulate the open web,http://scripting.com/2014/08/31/howToStimulateTheOpenWeb.html,1409676286,,archive
http://furbo.org/2014/09/03/the-terminal/,http://furbo.org/2014/09/03/the-terminal/,1437233671,,archive
The failed 9. sep. Apple livestream – Blog post - Simon Fredsted’s blog,http://simonfredsted.com/1115,1410452547,,archive
Refining The Way We Structure Our CSS At Trello | Trello Blog,http://blog.trello.com/refining-the-way-we-structure-our-css-at-trello/,1410551022,,archive
http://www.netkwesties.nl/731/tragisch-misverstand-over-durf-risicokapitaal.htm,http://www.netkwesties.nl/731/tragisch-misverstand-over-durf-risicokapitaal.htm,1411907494,,archive
Design is Expensive,http://prog21.dadgum.com/199.html,1412666707,,archive
http://www.c-sharpcorner.com/UploadFile/damubetha/solid-principles-in-C-Sharp/,http://www.c-sharpcorner.com/UploadFile/damubetha/solid-principles-in-C-Sharp/,1448454138,,unread
OS X 10.10 Yosemite: The Ars Technica Review | Ars Technica,http://arstechnica.com/apple/2014/10/os-x-10-10/12/#safari,1413571898,,archive
Career planning: Where do old devs go to? - Ayende @ Rahien,http://ayende.com/blog/168802/career-planning-where-do-old-devs-go-to?Key=341a6c97-df7a-4d7d-bf0e-5cc683416bba,1414056961,,archive
http://www.theguardian.com/news/2014/oct/21/-sp-the-truth-about-evil-john-gray,http://www.theguardian.com/news/2014/oct/21/-sp-the-truth-about-evil-john-gray,1414311725,,unread
The Sixth Stage of Grief is Retro-Computing — The Message — Medium,https://medium.com/message/networks-without-networks-7644933a3100,1416905853,,unread
https://decorrespondent.nl/2037/Correspondentmiddag-ga-mee-op-drugssurvival-in-Groningen-met-dakloze-Jonny/36613687803-8c2ff1d9,https://decorrespondent.nl/2037/Correspondentmiddag-ga-mee-op-drugssurvival-in-Groningen-met-dakloze-Jonny/36613687803-8c2ff1d9,1415688838,,archive
http://www.nrc.nl/nieuws/2014/11/12/lees-hier-een-nooit-eerder-vertaald-verhaal-van-ernest-hemingway/,http://www.nrc.nl/nieuws/2014/11/12/lees-hier-een-nooit-eerder-vertaald-verhaal-van-ernest-hemingway/,1415800157,,unread
On HTML5 and the Group That Rules the Web,http://www.newyorker.com/tech/elements/group-rules-web,1416905896,,archive
Because Reading is Fundamental,http://blog.codinghorror.com/because-reading-is-fundamental-2/,1417039776,,unread
http://www.washingtonpost.com/posteverything/wp/2014/12/16/unemployed-you-shouldnt-just-take-any-job/,http://www.washingtonpost.com/posteverything/wp/2014/12/16/unemployed-you-shouldnt-just-take-any-job/,1429464313,,archive
"5,200 Days in Space - The Atlantic",http://www.theatlantic.com/features/archive/2014/12/5200-days-in-space/383510/,1421318774,,unread
http://www.archive.org/details/softwarelibrary_msdos_games/v2,http://www.archive.org/details/softwarelibrary_msdos_games/v2,1420829565,,archive
http://codebetter.com/markneedham/2010/03/18/essential-and-accidental-complexity/,http://codebetter.com/markneedham/2010/03/18/essential-and-accidental-complexity/,1420793961,,archive
http://www.nytimes.com/2015/01/11/fashion/no-37-big-wedding-or-small.html,http://www.nytimes.com/2015/01/11/fashion/no-37-big-wedding-or-small.html,1422007557,,unread
http://www.nytimes.com/2015/01/11/fashion/modern-love-to-fall-in-love-with-anyone-do-this.html?_r=0,http://www.nytimes.com/2015/01/11/fashion/modern-love-to-fall-in-love-with-anyone-do-this.html?_r=0,1422007566,,archive
http://fortune.com/2015/01/13/judgment-happiness-behavior-mindfulness/,http://fortune.com/2015/01/13/judgment-happiness-behavior-mindfulness/,1427728179,,unread
The RedMonk Programming Language Rankings: January 2015 – tecosystems,http://redmonk.com/sogrady/2015/01/14/language-rankings-1-15/,1421408156,,archive
Twice the Work in Half the Time |  B R I G H T  I D E A S,https://ideas.bright.nl/editions/vrijdag-16-januari/scrum/RXhzAgC_EPAgFWx69OCU8icdtub7M8dhDw?utm_content=bufferb5cea&utm_medium=social&utm_source=linkedin.com&utm_campaign=buffer,1421658724,,unread
How to get pragmatists to use F# — Medium,https://medium.com/@the_ajohnston/how-to-get-pragmatists-to-use-f-7ad94a728b68,1422355991,,archive
http://www.nellieblyonline.com/bio,http://www.nellieblyonline.com/bio,1422453523,,archive
http://opinionator.blogs.nytimes.com/2015/02/02/how-to-be-a-stoic/?smid=fb-nytimes&bicmst=1409232722000&bicmet=1419773522000&bicmp=AD&smtyp=aut&bicmlukp=WT.mc_id&_r=0,http://opinionator.blogs.nytimes.com/2015/02/02/how-to-be-a-stoic/?smid=fb-nytimes&bicmst=1409232722000&bicmet=1419773522000&bicmp=AD&smtyp=aut&bicmlukp=WT.mc_id&_r=0,1423305040,,archive
http://nl.m.wikipedia.org/wiki/Stoïcijn,http://nl.m.wikipedia.org/wiki/Stoïcijn,1423305216,,archive
http://www.newyorker.com/magazine/2015/02/23/shape-things-come,http://www.newyorker.com/magazine/2015/02/23/shape-things-come,1424110601,,unread
http://atomicdelights.com/blog/a-glimpse-at-how-the-apple-watch-is-made,http://atomicdelights.com/blog/a-glimpse-at-how-the-apple-watch-is-made,1429855577,apple watch,archive
http://www.esquire.com/entertainment/tv/interviews/a33815/matthew-weiner-interview-mad-men-final-season/,http://www.esquire.com/entertainment/tv/interviews/a33815/matthew-weiner-interview-mad-men-final-season/,1427397312,,unread
http://www.wired.com/2015/04/apple-watch-design/,http://www.wired.com/2015/04/apple-watch-design/,1428505859,apple watch,unread
http://www.de-gids.nl/artikel/niemands-meester-niemands-knecht,http://www.de-gids.nl/artikel/niemands-meester-niemands-knecht,1430125323,,archive
https://code.facebook.com/posts/964122680272229/web-performance-cache-efficiency-exercise/,https://code.facebook.com/posts/964122680272229/web-performance-cache-efficiency-exercise/,1435433860,,archive
https://medium.com/@marnixamsterdam/denken-is-het-probleem-ba959e886fb6#.fj2izpcil,https://medium.com/@marnixamsterdam/denken-is-het-probleem-ba959e886fb6#.fj2izpcil,1449874322,,unread
http://www.washingtonpost.com/posteverything/wp/2014/12/30/google-got-it-wrong-the-open-office-trend-is-destroying-the-workplace/?postshare=1051429409402997,http://www.washingtonpost.com/posteverything/wp/2014/12/30/google-got-it-wrong-the-open-office-trend-is-destroying-the-workplace/?postshare=1051429409402997,1429464297,,archive
http://www.imore.com/apple-watch-and-durability,http://www.imore.com/apple-watch-and-durability,1429855603,apple watch,archive
http://hardhoofd.com/2015/04/23/kort-verhaal-de-gelukszoeker/,http://hardhoofd.com/2015/04/23/kort-verhaal-de-gelukszoeker/,1430659181,,archive
http://hardhoofd.com/2015/04/24/kort-verhaal-de-selfie-van-michelientje/,http://hardhoofd.com/2015/04/24/kort-verhaal-de-selfie-van-michelientje/,1430218912,,archive
Waarom we IS zo lang onderschat hebben (en de beweging zo gevaarlijk is),https://decorrespondent.nl/2672/Waarom-we-IS-zo-lang-onderschat-hebben-en-de-beweging-zo-gevaarlijk-is/136966720-d03f5c73,1435474979,,unread
http://hardhoofd.com/2015/04/29/tijdlijnterreur-i-de-knutselaar/,http://hardhoofd.com/2015/04/29/tijdlijnterreur-i-de-knutselaar/,1430659217,,archive
http://www.nytimes.com/2015/05/03/magazine/how-bitcoin-is-disrupting-argentinas-economy.html?_r=1,http://www.nytimes.com/2015/05/03/magazine/how-bitcoin-is-disrupting-argentinas-economy.html?_r=1,1430556177,,archive
https://decorrespondent.nl/2694/Wij-vinden-overal-veel-te-snel-wat-van-vindt-de-belangrijkste-Britse-schrijfster-van-deze-tijd/48422815386-229fa677,https://decorrespondent.nl/2694/Wij-vinden-overal-veel-te-snel-wat-van-vindt-de-belangrijkste-Britse-schrijfster-van-deze-tijd/48422815386-229fa677,1430658938,,unread
https://decorrespondent.nl/2757/Zo-bestrijd-je-IS/49555197483-4b3e9a7c,https://decorrespondent.nl/2757/Zo-bestrijd-je-IS/49555197483-4b3e9a7c,1430659064,,archive
http://engineering.flipboard.com/2015/05/scaling-convnets/,http://engineering.flipboard.com/2015/05/scaling-convnets/,1431066809,,archive
http://waitbutwhy.com/2015/05/elon-musk-the-worlds-raddest-man.html,http://waitbutwhy.com/2015/05/elon-musk-the-worlds-raddest-man.html,1433582855,,archive
http://yourfirstproduct.com/Info/priorities,http://yourfirstproduct.com/Info/priorities,1431701542,,archive
"Tools don’t solve the web’s problems, they ARE the problem - QuirksBlog",http://www.quirksmode.org/blog/archives/2015/05/tools_dont_solv.html,1431775501,,archive
https://www.dropbox.com/s/4eiwrqy2lu49eus/2 wildeman.doc?dl=0,https://www.dropbox.com/s/4eiwrqy2lu49eus/2 wildeman.doc?dl=0,1431624683,,archive
Reid Hoffman: Why the block chain matters (Wired UK),http://www.wired.co.uk/magazine/archive/2015/06/features/bitcoin-reid-hoffman?utm_content=buffer18ffc&utm_medium=social&utm_source=twitter.com&utm_campaign=buffer,1431775493,,archive
When Stephen Fry met Jony Ive: the self-confessed fanboi meets Apple's newl,http://www.telegraph.co.uk/technology/apple/11628710/When-Stephen-Fry-met-Jony-Ive-the-self-confessed-fanboi-meets-Apples-newly-promoted-chief-design-officer.html,1432642954,,archive
Web vs. native: let’s concede defeat - QuirksBlog,http://www.quirksmode.org/blog/archives/2015/05/web_vs_native_l.html,1432663362,,archive
hard//hoofd,http://hardhoofd.com/2015/06/02/paraweek-geen-pleidooi-voor-de-psychose-2-juni-publiceren/,1433448775,,archive
How Tesla Will Change The World,http://waitbutwhy.com/2015/06/how-tesla-will-change-your-life.html,1434564756,,unread
http://eev.ee/blog/2015/06/09/i-quit-the-tech-industry/,http://eev.ee/blog/2015/06/09/i-quit-the-tech-industry/,1434013306,,archive
Paul Ford: What Is Code? | Bloomberg,https://www.bloomberg.com/graphics/2015-paul-ford-what-is-code/,1524331030,,unread
http://www.economist.com/blogs/prospero/2015/06/new-film-amy?fsrc=scn/tw/te/bl/ed/frankly,http://www.economist.com/blogs/prospero/2015/06/new-film-amy?fsrc=scn/tw/te/bl/ed/frankly,1435327047,,archive
http://faq.sealedabstract.com/structs_or_classes/,http://faq.sealedabstract.com/structs_or_classes/,1436128848,,archive
https://medium.com/matter/the-web-we-have-to-save-2eb1fe15a426,https://medium.com/matter/the-web-we-have-to-save-2eb1fe15a426,1437246972,,unread
http://idlewords.com/talks/web_design_first_100_years.htm,http://idlewords.com/talks/web_design_first_100_years.htm,1437639008,,unread
https://decorrespondent.nl/3128/Interview-Volgens-Paul-Verhaeghe-wordt-alles-beter-als-we-autoriteit-niet-langer-als-vies-woord-zien/56223669832-360eea50,https://decorrespondent.nl/3128/Interview-Volgens-Paul-Verhaeghe-wordt-alles-beter-als-we-autoriteit-niet-langer-als-vies-woord-zien/56223669832-360eea50,1438150829,,unread
https://decorrespondent.nl/3132/Wat-een-tweede-taal-je-over-jezelf-kan-leren/56295567108-269c966f,https://decorrespondent.nl/3132/Wat-een-tweede-taal-je-over-jezelf-kan-leren/56295567108-269c966f,1438151270,,unread
https://decorrespondent.nl/3127/Deze-film-laat-kleine-jongens-de-gevoelens-van-een-meisje-zien/56205695513-0d6e5fcf,https://decorrespondent.nl/3127/Deze-film-laat-kleine-jongens-de-gevoelens-van-een-meisje-zien/56205695513-0d6e5fcf,1438151584,,archive
https://decorrespondent.nl/3126/Hoe-de-ambitieuze-aap-mens-in-een-zelfrijdende-auto-belandde/56187721194-de7b2e83,https://decorrespondent.nl/3126/Hoe-de-ambitieuze-aap-mens-in-een-zelfrijdende-auto-belandde/56187721194-de7b2e83,1438151613,,archive
http://rijksmonumenten.nl/monument/484495/woningbouwcomplex-willemstraat-zz/groningen/,http://rijksmonumenten.nl/monument/484495/woningbouwcomplex-willemstraat-zz/groningen/,1438191141,,unread
http://www.vn.nl/david-allen-bewaar-niets-in-je-hoofd/,http://www.vn.nl/david-allen-bewaar-niets-in-je-hoofd/,1440184203,,archive
http://www.nrc.nl/nieuws/2015/09/09/joost-zwagerman-over-zelfmoord-van-doodsverlangen-kun-je-uitstekend-slapstick-maken/,http://www.nrc.nl/nieuws/2015/09/09/joost-zwagerman-over-zelfmoord-van-doodsverlangen-kun-je-uitstekend-slapstick-maken/,1442260937,,archive
http://www.intercel.nl/accu-toepassingen/accu-voor-zonnepaneel/,http://www.intercel.nl/accu-toepassingen/accu-voor-zonnepaneel/,1441818446,,archive
https://ws.blendle.nl/once/pfCmK2G7/bnl-hpdetijd-20150909-77480_joost_zwagerman_het_laatste_interview,https://ws.blendle.nl/once/pfCmK2G7/bnl-hpdetijd-20150909-77480_joost_zwagerman_het_laatste_interview,1442261507,,archive
http://ferd.ca/the-little-printf.html,http://ferd.ca/the-little-printf.html,1444846052,carriere,archive
http://www.nrc.nl/next/2015/09/26/alleen-sukkels-hebben-het-druk-1537426,http://www.nrc.nl/next/2015/09/26/alleen-sukkels-hebben-het-druk-1537426,1446617626,,archive
http://www.nrc.nl/handelsblad/2015/10/20/jezelf-zijn-is-slecht-voor-de-winst-1547398,http://www.nrc.nl/handelsblad/2015/10/20/jezelf-zijn-is-slecht-voor-de-winst-1547398,1445362038,,archive
http://www.nrc.nl/next/2015/10/24/ouderdomskwaaltje-1549359,http://www.nrc.nl/next/2015/10/24/ouderdomskwaaltje-1549359,1445841909,,archive
http://www.nrc.nl/next/2015/11/03/laat-dat-biefstukje-liggen-eet-liever-het-hele-b-1552210,http://www.nrc.nl/next/2015/11/03/laat-dat-biefstukje-liggen-eet-liever-het-hele-b-1552210,1446573508,,archive
http://m.metronieuws.nl/columns/2015/11/langs-elkaar-heen-vrijen,http://m.metronieuws.nl/columns/2015/11/langs-elkaar-heen-vrijen,1447700574,,archive
http://www.nrc.nl/handelsblad/2015/11/06/kwartetten-met-vetten-1553550,http://www.nrc.nl/handelsblad/2015/11/06/kwartetten-met-vetten-1553550,1446914457,,archive
http://www.nrc.nl/handelsblad/2015/11/07/het-mysterie-van-het-spooktelefoontje-1553553,http://www.nrc.nl/handelsblad/2015/11/07/het-mysterie-van-het-spooktelefoontje-1553553,1447139129,,archive
http://www.nrc.nl/nieuws/2015/11/11/dit-dorp-in-wales-betaalt-geen-belasting-meer,http://www.nrc.nl/nieuws/2015/11/11/dit-dorp-in-wales-betaalt-geen-belasting-meer,1447348529,,archive
http://www.nrc.nl/next/2015/11/12/op-audientie-bij-prince-prince-wil-delen-1555645,http://www.nrc.nl/next/2015/11/12/op-audientie-bij-prince-prince-wil-delen-1555645,1447348533,,archive
http://www.nrc.nl/next/2015/11/12/dag-latte-art-hoi-koffie-1555482,http://www.nrc.nl/next/2015/11/12/dag-latte-art-hoi-koffie-1555482,1447349619,,archive
http://www.nrc.nl/nieuws/2015/11/13/microsoft-weet-of-je-gelukkig-bent,http://www.nrc.nl/nieuws/2015/11/13/microsoft-weet-of-je-gelukkig-bent,1447698791,,archive
http://www.nrc.nl/nieuws/2015/06/09/schrijver-van-de-week,http://www.nrc.nl/nieuws/2015/06/09/schrijver-van-de-week,1447742591,,archive
https://medium.com/@betable/tifu-by-using-math-random-f1c308c4fd9d#.mlkppyzcm,https://medium.com/@betable/tifu-by-using-math-random-f1c308c4fd9d#.mlkppyzcm,1448291788,,archive
http://rmurphey.com/blog/2015/11/25/building-for-http2,http://rmurphey.com/blog/2015/11/25/building-for-http2,1448805552,,archive
http://redactie.dvhn.nl/longreads/oklahoma/,http://redactie.dvhn.nl/longreads/oklahoma/,1448815556,,archive
http://www.nrc.nl/handelsblad/2015/11/28/parijse-noten-1552349,http://www.nrc.nl/handelsblad/2015/11/28/parijse-noten-1552349,1448815157,,archive
http://www.nrc.nl/handelsblad/2015/11/28/vintage-en-vogue-1552346,http://www.nrc.nl/handelsblad/2015/11/28/vintage-en-vogue-1552346,1448902178,,archive
http://www.nrc.nl/next/2015/11/30/den-haag-speelt-met-onze-veiligheid-1562894,http://www.nrc.nl/next/2015/11/30/den-haag-speelt-met-onze-veiligheid-1562894,1448865387,,archive
http://www.nrc.nl/next/2016/01/04/liever-een-yurt-1574418,http://www.nrc.nl/next/2016/01/04/liever-een-yurt-1574418,1452001681,,archive
https://medium.com/@wob/the-sad-state-of-web-development-1603a861d29f#.fky4od2g0,https://medium.com/@wob/the-sad-state-of-web-development-1603a861d29f#.fky4od2g0,1452622470,,archive
http://www.frankwatching.com/archive/2016/01/13/information-overload-zo-stroomlijn-je-e-mail-messaging-en-social-media/,http://www.frankwatching.com/archive/2016/01/13/information-overload-zo-stroomlijn-je-e-mail-messaging-en-social-media/,1452691106,,unread
http://www.nrc.nl/next/2016/01/13/gave-zoutdrukfotos-anderhalve-eeuw-oud-1576960,http://www.nrc.nl/next/2016/01/13/gave-zoutdrukfotos-anderhalve-eeuw-oud-1576960,1452687594,,archive
https://toggl.com/developer-methods-infographic?utm_content=bufferc21f8&utm_medium=social&utm_source=athnshah&utm_campaign=buffer,https://toggl.com/developer-methods-infographic?utm_content=bufferc21f8&utm_medium=social&utm_source=athnshah&utm_campaign=buffer,1455726397,,unread
http://www.atlasobscura.com/articles/the-man-who-recorded-tamed-and-then-sold-nature-sounds-to-america,http://www.atlasobscura.com/articles/the-man-who-recorded-tamed-and-then-sold-nature-sounds-to-america,1460442556,,unread
https://arstechnica.com/apple/2016/11/the-complete-guide-to-living-a-new-fangled-usb-c-and-thunderbolt-3-lifestyle/,https://arstechnica.com/apple/2016/11/the-complete-guide-to-living-a-new-fangled-usb-c-and-thunderbolt-3-lifestyle/,1486632367,,unread
https://www.theguardian.com/technology/2016/dec/22/why-time-management-is-ruining-our-lives,https://www.theguardian.com/technology/2016/dec/22/why-time-management-is-ruining-our-lives,1493223359,,archive
http://callingbullshit.org/syllabus.html,http://callingbullshit.org/syllabus.html,1484679198,,unread
https://backchannel.com/how-i-got-my-attention-back-c7fc9297d347#.bzz1o6802,https://backchannel.com/how-i-got-my-attention-back-c7fc9297d347#.bzz1o6802,1484474020,attention,archive
https://motherboard.vice.com/en_us/article/the-man-who-broke-ticketmaster,https://motherboard.vice.com/en_us/article/the-man-who-broke-ticketmaster,1487012814,,unread
https://journal.thriveglobal.com/how-technology-hijacks-peoples-minds-from-a-magician-and-google-s-design-ethicist-56d62ef5edf3,https://journal.thriveglobal.com/how-technology-hijacks-peoples-minds-from-a-magician-and-google-s-design-ethicist-56d62ef5edf3,1500626357,,unread
https://www.nrc.nl/nieuws/2017/04/09/nostalgie-is-ook-niet-meer-wat-het-is-geweest-a1553861,https://www.nrc.nl/nieuws/2017/04/09/nostalgie-is-ook-niet-meer-wat-het-is-geweest-a1553861,1491935978,,unread
https://80000hours.org/career-guide/how-to-be-successful/,https://80000hours.org/career-guide/how-to-be-successful/,1493223256,,unread
Review: The 10.5-inch iPad Pro is much more “pro” than what it replaces | A,https://arstechnica.com/apple/2017/06/review-10-5-inch-ipad-pro-is-pro-hardware-patiently-waiting-for-pro-software/,1497356581,,unread
https://medium.com/@the_jennitaur/how-to-do-nothing-57e100f59bbb,https://medium.com/@the_jennitaur/how-to-do-nothing-57e100f59bbb,1520001428,,unread
https://gafferongames.com/post/what_every_programmer_needs_to_know_about_game_networking/,https://gafferongames.com/post/what_every_programmer_needs_to_know_about_game_networking/,1703064973,developer,unread
https://codingvc.com/when-is-a-dollar-not-a-dollar/,https://codingvc.com/when-is-a-dollar-not-a-dollar/,1520001221,,unread
Remote Workers Are Outperforming Office Workers--Here's Why | Inc.com,https://www.inc.com/brian-de-haaff/3-ways-remote-workers-outperform-office-workers.html,1531206952,,archive
http://computationalculture.net/2016/01/11/one-damn-slide-after-another-powerpoint-at-every-occasion-for-speech/,http://computationalculture.net/2016/01/11/one-damn-slide-after-another-powerpoint-at-every-occasion-for-speech/,1510078786,,archive
https://www.newyorker.com/magazine/2018/02/12/why-paper-jams-persist,https://www.newyorker.com/magazine/2018/02/12/why-paper-jams-persist,1520001446,,unread
https://byuu.org/articles/what-is-emulation/,https://byuu.org/articles/what-is-emulation/,1520001236,,unread
Gevechtspauze Oost-Ghouta houdt geen stand - NRC,https://www.nrc.nl/nieuws/2018/02/27/gevechtspauze-oost-ghouta-houdt-geen-stand-a1593766,1519737436,,archive
http://www.latimes.com/business/hiltzik/la-fi-hiltzik-trump-fires-20180806-story.html,http://www.latimes.com/business/hiltzik/la-fi-hiltzik-trump-fires-20180806-story.html,1533632303,,archive
http://www.zeldman.com/2019/05/22/you-got-this/,http://www.zeldman.com/2019/05/22/you-got-this/,1558631329,,archive
101 Tips For Being A Great Programmer (& Human) - DEV Community ?‍??‍?,https://dev.to/emmawedekind/101-tips-for-being-a-great-programmer-human-36nl,1562843380,learn,unread
https://order.mycommerce.com/cart/view,https://order.mycommerce.com/cart/view,1702913300,,unread
https://mashable.com/article/best-self-help-book-advice,https://mashable.com/article/best-self-help-book-advice,1718288608,,unread
https://simonsarris.substack.com/p/the-most-precious-resource-is-agency,https://simonsarris.substack.com/p/the-most-precious-resource-is-agency,1689767400,,archive
https://www.sobyte.net/post/2022-05/tty/,https://www.sobyte.net/post/2022-05/tty/,1711449940,developer,unread
https://simonsarris.substack.com/p/start-with-creation,https://simonsarris.substack.com/p/start-with-creation,1689767393,,archive
https://inference-review.com/article/the-origins-of-python,https://inference-review.com/article/the-origins-of-python,1711449915,developer,unread
Building a Custom Mach-O Memory Loader for macOS - Part 1,https://blog.xpnsec.com/building-a-mach-o-memory-loader-part-1/,1687680332,,unread
https://retool.com/visual-basic/,https://retool.com/visual-basic/,1711449927,developer,unread
Go Indie,https://pxlnv.com/blog/go-indie/,1687430376,,archive
"Hier moet een kop staan, maar ik had even geen zin er een te bedenken",https://decorrespondent.nl/12233/hier-moet-een-kop-staan-maar-ik-had-even-geen-zin-er-een-te-bedenken/ab089d4e-9f89-076b-1085-929aa6e2e5c5,1697053807,,archive
"Going Indie: building a foundation, finding clients, and negotiating rates",https://www.jessesquires.com/blog/2023/05/08/going-indie-2/,1687430304,,archive
https://nymag.com/intelligencer/article/ai-artificial-intelligence-humans-technology-business-factory.html,https://nymag.com/intelligencer/article/ai-artificial-intelligence-humans-technology-business-factory.html,1687946066,,unread
‘Slapend sterven is geen euthanasie light en ook niet iets wat je op bestel,https://www.nrc.nl/nieuws/2023/06/22/slapend-sterven-is-geen-euthanasie-light-en-ook-niet-iets-wat-je-op-bestelling-krijgt-a4167898,1687508056,,archive
Hype cycles,https://www.bitecode.dev/p/hype-cycles,1687758749,,archive
MITRE releases new list of top 25 most dangerous software bugs,https://www.bleepingcomputer.com/news/security/mitre-releases-new-list-of-top-25-most-dangerous-software-bugs/,1688112787,,unread
Wikipedia’s Moment of Truth,https://www.nytimes.com/2023/07/18/magazine/wikipedia-ai-chatgpt.html,1689887544,,unread
https://pdx.su/blog/2023-07-26-tailwind-and-the-death-of-craftsmanship/,https://pdx.su/blog/2023-07-26-tailwind-and-the-death-of-craftsmanship/,1697096145,developer,unread
"Classic rock, Mario Kart, and why we can't agree on Tailwind",https://joshcollinsworth.com/blog/tailwind-is-smart-steering,1696880859,developer,archive
Op zoek naar de camino in jezelf,https://www.nrc.nl/nieuws/2023/10/06/op-zoek-naar-de-camino-in-jezelf-a4176170,1696752226,,archive
https://www.highgo.ca/2023/10/10/getting-started-with-psycopg2-pythons-postgresql-adapter/,https://www.highgo.ca/2023/10/10/getting-started-with-psycopg2-pythons-postgresql-adapter/,1697095664,,archive
https://glennf.medium.com/how-we-crowdfunded-750-000-for-a-giant-book-about-keyboard-history-c30e24c4022e,https://glennf.medium.com/how-we-crowdfunded-750-000-for-a-giant-book-about-keyboard-history-c30e24c4022e,1706774130,,unread
Iedereen kan beter leren kijken,https://www.nrc.nl/nieuws/2024/02/02/iedereen-kan-beter-leren-kijken-a4188560,1707045520,,archive
https://thinkbigpicture.substack.com/p/autism-acceptance-first-person-experience,https://thinkbigpicture.substack.com/p/autism-acceptance-first-person-experience,1715152769,ass,unread
https://social.jvns.ca/@b0rk/112610499243294436,https://social.jvns.ca/@b0rk/112610499243294436,1718623445,,archive
https://oldvcr.blogspot.com/2024/07/pretty-pictures-bootable-floppy-disks.html,https://oldvcr.blogspot.com/2024/07/pretty-pictures-bootable-floppy-disks.html,1722867562,developer|cmptr,archive
https://archive.ph/1WyBd#selection-1497.578-1497.593,https://archive.ph/1WyBd#selection-1497.578-1497.593,1724843008,,archive
"Why I don't (usually) tell people when I'm not okay, by Katy Elphinstone",https://www.neurofabulous.org.uk/article-why-i-dont-say-when-not-okay.html,1733651187,,unread
Making Fun Flask Apps for No Reason,https://matduggan.com/making-fun-flask-apps-for-no-reason/,1733651201,,unread
Sears,https://matduggan.com/sears/,1733908901,dev,archive
Building a Tiny CDN With pyinfra and Chimera Linux,https://www.wezm.net/v2/posts/2024/tiny-cdn/,1733908930,dev,archive
https://github.com/oils-for-unix/oils/wiki/How-Interactive-Shells-Work#1-processing-user-inputs,https://github.com/oils-for-unix/oils/wiki/How-Interactive-Shells-Work#1-processing-user-inputs,1734297335,,unread
SurveyOfSystemLanguages2024,https://wiki.alopex.li/SurveyOfSystemLanguages2024,1734684666,dev,archive
https://jpmens.net/2024/12/21/tagging-poi-locations-with-photos-from-owntracks/,https://jpmens.net/2024/12/21/tagging-poi-locations-with-photos-from-owntracks/,1734787421,,unread
A Tour of WebAuthn,https://www.imperialviolet.org/tourofwebauthn/tourofwebauthn.html,1734989069,,unread
Things we learned about LLMs in 2024,https://simonwillison.net/2024/Dec/31/llms-in-2024/,1735908343,,unread
The long goodbye for Tim Cook,https://www.manton.org/2025/01/04/the-long-goodbye-for-tim.html,1736070923,,archive
"Go is a Well-Designed Language, Actually",https://mattjhall.co.uk/posts/go-is-well-designed-actually.html,1736444297,,archive
How To Use Your Body To Make Yourself Happier,https://time.com/7204311/your-body-can-make-you-happier-essay/,1736535053,,archive
Transform the daily grind to make life more interesting – a philosopher shares 3 strategies to help ,https://theconversation.com/transform-the-daily-grind-to-make-life-more-interesting-a-philosopher-shares-3-strategies-to-help-you-attain-the-good-life-243242,1736535711,,archive
Why Not Mars,https://idlewords.com/2023/1/why_not_mars.htm,1736589377,,archive
The Lunacy of Artemis,https://idlewords.com/2024/5/the_lunacy_of_artemis.htm,1736589405,,unread
Is Tesla really more valuable than Toyota?,https://calpaterson.com/singleton.html,1736620104,,archive
https://www.groene.nl/artikel/werk-is-politiek?utm_campaign=website&utm_medium=owned_social&utm_source=mastodon,https://www.groene.nl/artikel/werk-is-politiek?utm_campaign=website&utm_medium=owned_social&utm_source=mastodon,1737488791,,unread
"Project 8086 Part II: Real Mode Productivity; or, 8,086 Reasons to Get a Newer Computer",https://512pixels.net/2025/01/project-8086-real-mode-productivity/,1737532251,,archive
You’re Being Alienated From Your Own Attention,https://www.theatlantic.com/ideas/archive/2025/01/attention-valuable-resource/681221/?gift=201cWZnM2XBz2eP81zy0pPSb3NeElfFg9RJ_rJkL12I,1737650365,,unread
Billionaires Should Not Exist — Here’s Why,https://www.teenvogue.com/story/billionaires-should-not-exist,1737798650,,archive
The Alpha Myth: How Captive Wolves Led Us Astray,https://anthonydavidadams.substack.com/p/the-alpha-myth-how-captive-wolves,1738051040,man,unread
How to grow old,https://buttondown.com/monteiro/archive/how-to-grow-old/,1738252329,,unread
Elon Musk’s Friends Have Infiltrated Another Government Agency,https://www.wired.com/story/elon-musk-lackeys-general-services-administration/,1738401692,,archive
De mythe van de Deen als ‘goede kolonisator’ van Groenland vertoont steeds meer barsten,https://www.nrc.nl/nieuws/2025/01/28/de-mythe-van-de-deen-als-goede-kolonisator-van-groenland-vertoont-steeds-meer-barsten-a4881120,1738567888,,unread
Socioloog Christien Brinkgreve: ‘Ik spreek volle zalen toe. Waarom was ik in mijn huwelijk dan zo ti,https://www.nrc.nl/nieuws/2025/01/31/socioloog-christien-brinkgreve-ik-spreek-volle-zalen-toe-waarom-was-ik-in-mijn-huwelijk-dan-zo-timide-a4881018,1738567899,,archive
How Apple tied its fortunes to China,https://www.ft.com/content/d5a80891-b27d-4110-90c9-561b7836f11b?accessToken=zwAAAZTN6lqvkdPVqAiRsn1BENOQyVYbeDbxGw.MEQCIBLmEdWXrV1FdyaYLM95iSpk2NbUN4rXb9DW3wSvZwzXAiBZ3xoDR8WENu91A2AKCy1xlinW7S6wSnK_6vU54_3U0A&segmentId=e95a9ae7-622c-6235-5f87-51e412b47e97&shareType=enterprise&shareId=fca686db-d401-45aa-9413-19bed1c546a8,1738929419,,unread
What it would take for Apple to disentangle itself from China,https://www.ft.com/content/74f7e284-c047-4cc4-9b7a-408d40611bfa?accessToken=zwAAAZTN6rGikc909-KEwEdMxNObekCNQGEb-g.MEQCIFEiKzIfwaWOAw4oWCS2qJRTOxYvWRq_aOiLL9W52cReAiBGMxJbNZy8AO52S8J_NOHjfVsgX5tal9cYFkwRRnKGQg&segmentId=e95a9ae7-622c-6235-5f87-51e412b47e97&shareType=enterprise&shareId=2081eba1-72f0-4c8c-8cae-91bc46718e97,1738929426,,archive
History of UNIX Manpages,https://manpages.bsd.lv/history.html,1739953464,,archive
Linus Sebastian Switches to iPhone for 30 Days,https://mjtsai.com/blog/2025/03/04/linus-sebastian-switches-to-iphone-for-30-days/,1741182591,,archive
"Premium Hardware, Subpar Software",https://mjtsai.com/blog/2025/03/04/premium-hardware-subpar-software/,1741182606,,archive
"Apple Updates iPad Air (M2→M3) and Regular iPad (A14→A16), and Revamps Magic Keyboard for iPad Air",https://daringfireball.net/linked/2025/03/04/moren-ipad-air-ipad-updates,1741182622,,archive
"iPad Air (M3, 7th Generation)",https://mjtsai.com/blog/2025/03/04/ipad-air-m3-7th-generation/,1741182632,,archive
What it would take for Apple to disentangle itself from China | Finan…,https://archive.ph/2023.04.02-115754/https://www.ft.com/content/74f7e284-c047-4cc4-9b7a-408d40611bfa,1741337195,,unread
Sync Engines are the Future,https://www.instantdb.com/essays/sync_future,1742378585,,archive
How I’m Building a Trump-Proof Tech Stack Without Big Tech,https://www.joanwestenberg.com/american-tech-is-compromised-heres-my-replacement-stack-2/,1742378588,,unread
"How to Sync Anything posted Sunday, April 6, 2025 by James Coglan",https://neighbourhood.ie/blog/2025/04/06/how-to-sync-anything,1744292224,,unread
What if Mondriaan used CSS instead of paint?,https://vasilis.nl/nerd/what-if-mondriaan-used-css-instead-of-paint/,1747289305,,archive
